question,graph_seeds,n_graph_facts,graphrag_answer,flatrag_answer
How does the electric vehicle sector connect to charging infrastructure and government policy?,"Electric Vehicle, Charging infrastructure, t, SEC, infrastructure",42,"The electric vehicle (EV) sector is closely connected to charging infrastructure and government policy in several ways:

1. **Government Support and Policy**: The promotion of electric vehicles is significantly influenced by government policies, including subsidies and post-coronavirus stimulus plans. These policies aim to encourage the adoption of EVs by making them more financially accessible to consumers. Government subsidies can help offset the higher costs associated with purchasing and registering electric vehicles, which are generally more expensive than conventional vehicles.

2. **Charging Infrastructure Development**: As the adoption of electric vehicles increases, the need for robust charging infrastructure becomes critical. Government policies often include investments in charging networks to support the growing number of EVs on the road. This infrastructure is essential for alleviating range anxiety among potential EV buyers and ensuring that charging stations are readily available, which in turn promotes further adoption of electric vehicles.

3. **Environmental Impact and Emissions Reduction**: Electric vehicles contribute to reducing emissions and pollution, which aligns with government goals for public health and environmental sustainability. Policies that support EV adoption often emphasize the reduction of energy-related emissions, as electric vehicles account for a significant portion of global emissions. By promoting EVs and investing in charging infrastructure, governments can help achieve their environmental targets.

4. **Market Dynamics**: The electric vehicle market is evolving, with increasing competition from both established automakers and new entrants. Government policies can shape this competitive landscape by providing incentives for innovation and investment in EV technology and infrastructure. This, in turn, can lead to a more diverse range of electric vehicles available to consumers, further driving adoption.

In summary, the electric vehicle sector is interconnected with charging infrastructure and government policy through financial incentives, infrastructure development, environmental goals, and market dynamics, all of which play a crucial role in promoting the adoption of electric vehicles.","The electric vehicle sector connects to charging infrastructure and government policy through the need for public sector support for charging options, such as curbside Level 2 charging, to provide mobility choices for those without home charging access. Government policies, including the National Electric Vehicle Infrastructure (NEVI) Formula Program, invite private sector companies to participate in developing charging infrastructure. Additionally, continued government support is necessary to ensure the deployment of publicly available charging stations until there are enough electric vehicles on the road to sustain a charging network. This collaboration between government and private sectors is essential for the effective rollout of zero-emission infrastructure."
"Which companies are mentioned in relation to EV market growth, and how are they connected?","market, companies, EV, t, growth",43,"The companies mentioned in relation to EV market growth include those that are involved in the electric vehicle sector and are seeking to differentiate themselves by acting as a force for positive change. These companies are connected through their efforts to support the transition to electric vehicles (EVs) and their engagement with government initiatives aimed at promoting EV infrastructure, such as the Biden administration's plan for a national network of EV chargers.

Additionally, the Federal Reserve is involved in the market by holding and investing in it, which impacts the overall sentiment and financial environment for these companies. The text also indicates that various companies are scrambling to go public, similar to the Dot Com bubble, which suggests a competitive landscape where companies are trying to capitalize on the growth potential of the EV market.

Overall, the connection among these companies lies in their collective efforts to innovate, invest, and adapt to the growing demand for electric vehicles, while also navigating the financial and regulatory landscape shaped by government policies and market conditions.","The companies mentioned in relation to EV market growth are Tesla, BYD, VinFast, Polestar, Canoo, Fisker, Lucid, and Nikola. They are connected through their involvement in the electric vehicle market, with Tesla and BYD being established players whose stock performance has declined, while the emerging players like VinFast, Polestar, Canoo, Fisker, Lucid, and Nikola are facing challenges such as missing sales targets and trading low."
What financial trends or sentiments are associated with the EV sector?,"EV, t, EV sector, SEC, sentiment",0,"The financial trends and sentiments associated with the electric vehicle (EV) sector indicate a growing demand and optimism for future growth. Key points include:

1. **Consumer Behavior Changes**: Research suggests that consumer intentions regarding vehicle ownership are shifting, with many planning to keep their current vehicles longer. This sentiment may impact short-term demand for EVs, as consumers reassess their purchasing decisions in light of economic conditions and the pandemic.

2. **Sales Growth Projections**: Forecasts indicate that global EV adoption is expected to accelerate, with projections suggesting that by 2030, EV penetration could reach 33% globally, with higher rates in specific regions (e.g., 48% in China). This reflects a positive sentiment towards the long-term growth of the EV market.

3. **Technological Advancements**: Companies like REE are innovating with modular vehicle platforms and advanced technologies, which could lower total cost of ownership (TCO) and enhance efficiency. This innovation is likely to attract investment and support growth in the sector.

4. **Market Expansion**: There is a focus on building partnerships and expanding market footprints, which indicates a proactive approach to capturing market share and responding to consumer needs.

Overall, the EV sector is experiencing a mix of cautious short-term consumer sentiment due to economic factors, alongside strong long-term growth projections and technological advancements that are likely to drive future demand.","The financial trends and sentiments associated with the EV sector include a significant decline in investor confidence, as indicated by a 20-year low in investor sentiment. The EV industry is experiencing a downward trend due to increased competition, geopolitical tensions, supply chain disruptions, high energy prices, and rising inflation and interest rates, which limit the availability of higher-risk capital. Stock prices for major players like Tesla and BYD have fallen by an average of 15% in 2023 compared to the previous years, and the market capitalization of pure play EV carmakers has decreased by nearly 20%. Additionally, excitement in the US over EVs has weakened due to changes in the Inflation Reduction Act, although there is still potential for attractive stock valuations on a price-to-sales basis."
How do government incentives relate to EV adoption across regions?,"incentives, EV adoption, EV, t, government incentives",43,"Government incentives play a crucial role in the adoption of electric vehicles (EVs) across different regions. These incentives can take various forms, such as subsidies, tax credits, and other financial benefits aimed at reducing the overall cost of EVs for consumers.

1. **Regional Incentives**: Specific regions like California, Colorado, New Jersey, New York, and Washington offer incentives to encourage EV adoption. These incentives help to lower the higher price tag associated with EVs, making them more affordable for consumers. 

2. **Impact of Government Schemes**: In China, the government has released various schemes that provide incentives, which have significantly stimulated the electric vehicle market. China is currently leading in EV adoption, largely due to these government initiatives.

3. **Legislation Influence**: The Inflation Reduction Act (IRA) in the United States also includes incentives and subsidies that are designed to promote EV adoption. Such legislative measures are critical in creating a favorable environment for consumers to consider purchasing EVs.

4. **Consumer Behavior**: The presence of incentives can positively affect consumer attitudes towards EVs, as financial support can alleviate affordability issues that often slow down adoption rates. For instance, segments of consumers that are more likely to consider EVs are influenced by the availability of these incentives.

5. **Market Dynamics**: While incentives are beneficial, they are sometimes reported to be below levels seen in previous years (2018 and 2019), which may limit their effectiveness in moving the needle on a wide scale. Additionally, incentives tend to remain concentrated in Tier 1 cities, which can create disparities in EV adoption across different regions.

In summary, government incentives are a key factor in promoting EV adoption, with their effectiveness varying by region and influenced by local policies and consumer attitudes.","Government incentives play a significant role in promoting EV adoption across regions by providing financial support such as cash subsidies, tax reductions, and scrappage schemes. For instance, Germany has lowered VAT on low-emission vehicles and increased subsidies for EVs, while France offers substantial incentives for consumers purchasing electric cars. Additionally, regulations like zero-emission vehicle (ZEV) mandates contribute to higher EV market shares in regions that implement them, further encouraging adoption. Overall, these incentives and regulations help facilitate the transition to electric vehicles in various markets."
What is the relationship between Tesla and the broader US EV market?,"Tesla, US, market, EV, t",16,"Tesla plays a significant role in the broader US electric vehicle (EV) market, which is currently experiencing a complex landscape influenced by various factors. While Tesla is a leading manufacturer of EVs in the US, the market is also characterized by increasing competition from both domestic and international players, such as VinFast and established automakers like GM.

The US EV market is facing challenges, including fluctuating investor sentiment and a recalibration of stock prices, which have seen declines for major EV companies, including Tesla. For instance, Tesla's shares were on average 15% lower in 2023 compared to the previous years, reflecting broader market trends where the combined market capitalization of pure-play EV manufacturers fell by nearly 20% on average.

Additionally, the competition is intensifying as companies from China and Europe expand their presence in the US market. This influx of competition is indicative of a global shift where Chinese manufacturers, after experiencing a slowdown in their domestic market, are looking to international markets, including the US, to sustain growth.

In summary, Tesla is a key player in the US EV market, but it operates within a challenging environment marked by increased competition, fluctuating investor confidence, and evolving consumer demand.","Tesla is a significant player in the broader US EV market, holding a substantial share of 51.3% in Q1 2024, although this is a decrease from 61.7% the previous year. The overall EV market in the US is experiencing a slowdown in sales growth, with Tesla's ongoing success contrasted by a diverse and unpredictable market landscape that includes other manufacturers showing significant growth. Despite challenges, consumer sentiment towards EVs remains optimistic, indicating a readiness among Americans to embrace electric vehicles."
"Which states or regions are linked to the strongest EV adoption, and why?","EV adoption, EV, states, t, region",44,"The states or regions linked to the strongest EV adoption are primarily those that have established strong policy supports, such as the implementation of CO2 standards and financial incentives like those provided by the Inflation Reduction Act (IRA). These policies promote EV adoption by addressing affordability issues and enhancing consumer attitudes towards electric vehicles.

Regions like the Nordics and the Netherlands have shown significant growth in EV adoption, with Norway achieving a remarkable 56% market share for EVs. This success can be attributed to a combination of factors, including the establishment of public charging stations, consumer awareness, and the availability of financial incentives that make EVs more appealing compared to internal combustion engine (ICE) vehicles.

Additionally, states that have released NEVI state plans and have open solicitations for NEVI requests for proposals are also likely to see stronger EV adoption. These initiatives help build the necessary infrastructure and support systems for EVs, further encouraging consumers to make the switch from ICE vehicles.

In summary, regions with strong policy frameworks, financial incentives, and robust infrastructure for EVs are linked to the strongest adoption rates.","The states linked to the strongest EV adoption are those with zero-emission vehicle (ZEV) regulations, which had a combined new electric vehicle share of 5% compared to 1.3% in states without such regulations. These states were responsible for about two-thirds of 2020 U.S. electric vehicle sales. Additionally, metropolitan areas with the highest electric vehicle uptake had a strong mix of state, city, and utility promotion actions, as well as greater availability of public and workplace charging. The ten areas with the highest uptake averaged a 10% electric share and had significantly more public chargers per million population compared to other areas."
How is investor sentiment connected to EV company stock performance?,"Company, EV, t, Investor sentiment, sentiment",1,"Investor sentiment is closely connected to EV company stock performance through several factors, including risks and uncertainties associated with the industry, economic conditions, and political climate. 

1. **Risks and Uncertainties**: The forward-looking statements made by EV companies often involve risks and uncertainties, such as the ability to achieve profitability and manage capital requirements. These factors can influence investor sentiment, as investors may be wary of potential pitfalls that could affect a company's financial health and stock performance.

2. **Economic Conditions and Political Climate**: Economic factors, such as high interest rates and political uncertainty, have been noted as significant restraining factors for dealer performance in the EV market. For instance, concerns about the political climate can lead to increased caution among investors, impacting their willingness to invest in EV stocks. The anticipation of events like elections, which could affect government subsidies for EVs, also plays a role in shaping investor sentiment.

3. **Sales Growth vs. Stock Performance**: Despite a significant increase in EV sales, there has been a disconnect between this growth and the performance of related equities. This disconnect is partly due to conservative growth estimates and the overall market sentiment, which can lead to lower stock prices even when sales figures are strong. 

In summary, investor sentiment is influenced by a combination of industry-specific risks, broader economic conditions, and political factors, all of which can significantly impact the stock performance of EV companies.","Investor sentiment is connected to EV company stock performance as it influences investor confidence and stock prices. For instance, the EV industry's growth and competition have had a downward impact on investor confidence, leading to significant declines in stock prices for companies like Tesla and BYD. Additionally, changes in legislation, such as the revision of the Inflation Reduction Act, have affected excitement and sentiment towards EVs, which in turn impacts stock valuations and performance."
What policies are associated with zero-emission vehicles?,"vehicles, t, zero-emission vehicles, zero-emission, policies",0,"The provided context does not contain any specific information regarding policies associated with zero-emission vehicles. Therefore, I cannot answer the question based on the available knowledge-graph facts and supporting text.","The policies associated with zero-emission vehicles (ZEVs) include:

1. Increased sales targets for ZEVs, such as the ambition to reach 50% ZEV sales by 2025.
2. The implementation of budget-neutral “feebate” programs, which tax inefficient internal combustion engine (ICE) vehicles to finance subsidies for low-emission or electric vehicle purchases.
3. Stringent vehicle efficiency and CO2 standards to promote EV adoption.
4. Fuel economy and emission targets that vary across markets and are subject to government review.
5. Financial incentives, such as cash subsidies for consumers purchasing low-emission vehicles and tax reductions on EVs.
6. Initiatives by cities to reduce the number of ICE vehicles on the road and establish zero-/low-emission zones."
How does charging infrastructure availability relate to EV uptake?,"Charging infrastructure, EV, t, infrastructure, charging",50,"The availability of charging infrastructure is closely related to the uptake of electric vehicles (EVs) for several reasons. 

1. **Requirement for Charging Infrastructure**: Electric vehicles require charging infrastructure to operate effectively. Without sufficient charging stations, potential EV buyers may be deterred from making a purchase due to concerns about the ability to charge their vehicles conveniently.

2. **Addressing Concerns**: The presence of charging infrastructure addresses various concerns related to EV ownership, such as range anxiety—the fear that a vehicle will run out of charge before reaching a destination. When charging stations are readily available, consumers are more likely to consider and ultimately purchase EVs.

3. **Investment and Expansion**: Countries that invest in and expand their charging infrastructure, such as China, Germany, and the Netherlands, tend to see higher rates of EV adoption. This is because a robust charging network makes EVs more practical for everyday use, encouraging more consumers to switch from internal combustion engine (ICE) vehicles to EVs.

4. **Impact on Market Segmentation**: The availability of charging infrastructure can influence consumer segments that are likely to consider purchasing EVs. For instance, consumers with access to off-street parking and charging facilities are more inclined to consider EVs, as they can charge their vehicles at home.

5. **Insufficient Infrastructure in Some Regions**: In contrast, in regions where charging infrastructure is lacking, particularly in developing and emerging countries, EV uptake is significantly hindered. The insufficient infrastructure creates barriers that prevent consumers from feeling confident in their ability to own and operate an EV.

In summary, the availability and expansion of charging infrastructure are critical factors that directly influence the uptake of electric vehicles by addressing consumer concerns, enabling practical use, and encouraging investment in EV technology.","Charging infrastructure availability is crucial for EV uptake as it helps create a more favorable economic case for electrification. The presence of publicly available charging stations supports the deployment of electric vehicles, especially in emerging markets where government support is necessary to ensure equitable access. Additionally, the lack of charging infrastructure, particularly in low-income and minority communities, can lead to public confidence issues regarding the reliability of EV charging. As the number of EVs increases, the demand for accessible and reliable charging options becomes essential to match the convenience of refueling conventional vehicles."
"Which EV companies are compared against Tesla, and on what metrics?","Tesla, companies, EV, t, EV companies",16,"The EV companies compared against Tesla include BMW, Cadillac (GM), Ford, Hyundai, Kia, Lexus, Mercedes, Rivian, and VinFast. The metrics used for comparison are primarily year-over-year growth in EV sales, where nine manufacturers recorded more than 50% growth in sales compared to the previous year. Additionally, Tesla's market share is noted, which decreased from 61.7% to 51.3% year-over-year, indicating a shift in competitive dynamics within the EV market.","The EV companies compared against Tesla are Li Auto, Xpeng, and Rivian. The metrics mentioned include their ability to compete with legacy automotive companies and the overall performance and technological advancements in the EV industry."
What connects consumer incentives to electric vehicle market share?,"Electric Vehicle, Electric Vehicle market, consumer, market, incentives",41,"Consumer incentives are closely connected to electric vehicle (EV) market share through several mechanisms. Government subsidies and post-coronavirus stimulus plans promote the adoption of electric vehicles, making them more financially attractive to consumers. These incentives can offset the higher costs associated with electric vehicles, such as their initial purchase price and registration fees, which are generally more expensive compared to conventional vehicles.

As a result of these incentives, electric vehicles have seen a significant increase in market share, capturing 7.6% of total US sales. This growth is further supported by the improved range, wider model availability, and enhanced performance of electric vehicles, which make them more appealing to new vehicle shoppers. The combination of financial incentives and the benefits of electric vehicles, such as reduced emissions and improved public health, contributes to a surge in EV adoption, thereby increasing their market share. 

In summary, consumer incentives play a crucial role in enhancing the attractiveness of electric vehicles, leading to a higher market share as more consumers opt for these vehicles over conventional ones.","Consumer incentives, such as financial subsidies and tax reductions for electric vehicles (EVs), directly encourage consumers to purchase EVs, thereby increasing their market share. For instance, in Germany and France, government incentives significantly lower the cost of EVs for consumers, making them more attractive compared to traditional gasoline vehicles. This financial support helps boost the overall sales and market presence of electric vehicles."
How do US EV market sentiments compare to the global market?,"US, market, EV, t, global market",25,"The sentiments in the US EV market appear to be more cautious compared to the global market, particularly in China and Europe. 

In the global context, China is leading the BEV (Battery Electric Vehicle) market with a remarkable growth rate of 154% year-over-year, selling over 3 million vehicles. Europe, especially Germany, is also showing strong performance with significant market shares. This indicates a robust consumer demand for EVs globally, with manufacturers scaling up production and electrification targets.

In contrast, the US EV market is experiencing investor sentiment that is described as being at a 20-year low. There are concerns about the sustainability of current stock prices, with comparisons being made to the Dot Com bubble, suggesting that while the industry is seen as the future, current valuations may not be justified. The presence of ""outrageous financial valuations"" and the emergence of a potential bubble in the US market further highlight the cautious sentiment among investors.

Overall, while the global market, particularly in China and Europe, is thriving with strong growth and consumer demand, the US market is facing skepticism and concerns about financial stability and valuation sustainability.",I don't have enough information.
What factors are linked to electric vehicle sales growth in the US?,"Electric Vehicle, US, sales, t, electric vehicle sales",39,"Several factors are linked to electric vehicle (EV) sales growth in the US:

1. **Government Subsidies**: Electric vehicles benefit from government subsidies, which can make them more financially attractive to consumers.

2. **Post-Coronavirus Stimulus Plans**: The promotion of electric vehicles through post-coronavirus stimulus plans has contributed to their increased adoption.

3. **Lower Prices**: A decrease in the average transaction price for EVs, particularly for key models, has supported sales volume. For instance, the average price for a new EV saw a 9% decrease in early 2024.

4. **Consumer Interest**: Electric vehicles are increasingly considered by new vehicle shoppers, indicating a growing interest in EVs among consumers.

5. **Environmental Benefits**: The ability of electric vehicles to reduce emissions and pollution, as well as their strong life cycle emissions benefits, appeals to environmentally conscious consumers.

6. **Automaker Investments**: Automakers are investing in electric vehicle production, which enhances the availability and variety of EV options in the market.

7. **Market Share Growth**: Electric vehicles captured a 7.6% share of total US sales, indicating a significant presence in the automotive market.

These interconnected factors contribute to the overall growth of electric vehicle sales in the US.",I don't have enough information.
How are EV startups financially positioned relative to established automakers?,"automakers, EV, t, LA",4,"EV startups are generally financially positioned less favorably compared to established automakers. In 2023, the combined market capitalization of pure play EV carmakers fell by nearly 20% on average relative to 2022, while the market capitalization of major incumbent carmakers remained flat. This indicates a decline in investor confidence towards EV startups, which contrasts with the stability of established automakers.

Additionally, while there has been a surge in EV sales, with nearly 1.2 million US vehicle buyers opting for electric vehicles in 2023, the financial performance of startups like VinFast, Polestar, and others has been challenged. For instance, VinFast reported significant losses, and the overall growth in the EV market has been accompanied by concerns about possible consolidation, further impacting investor sentiment negatively.

In summary, while the EV market is growing, startups are facing financial difficulties and declining stock values compared to established automakers, which are maintaining their market positions.","EV startups are facing increased financial challenges compared to established automakers. In 2023, global VC investments in clean energy startups, including EVs and batteries, fell significantly, indicating a tougher funding environment for new entrants. Established automakers are ramping up their investments and manufacturing plans, which raises barriers to entry for new players and increases investor perceptions of risk. Additionally, many early-stage EV startups that previously raised funds are now maturing and transitioning to other sources of capital, leaving fewer alternatives for newcomers. Overall, the financial positioning of EV startups appears to be more precarious relative to established automakers."
What is the connection between ZEV regulations and model availability?,"EV, t, Regulation, LA, model availability",38,"The connection between ZEV (Zero Emission Vehicle) regulations and model availability is that ZEV regulations often drive automakers to increase the availability of electric vehicle (EV) models in order to comply with emissions standards. As governments implement stricter ZEV regulations, automakers are incentivized to expand their electric vehicle offerings to meet these requirements and capture market share. This is further supported by government subsidies and post-coronavirus stimulus plans that promote electric vehicles, leading to a surge in EV adoption and a broader range of models available to consumers. 

In summary, ZEV regulations encourage automakers to produce more electric vehicle models, thereby increasing their availability in the market.","The connection between ZEV regulations and model availability is that regulations requiring greater electric vehicle model availability are essential for market growth. States with ZEV regulations have a significantly higher number of electric models available compared to states without such regulations, which correlates with a higher share of new electric vehicle sales in those states."
Which metrics are used to evaluate EV company financial performance?,"Company, US, EV, t, financial performance",4,"The metrics used to evaluate the financial performance of electric vehicle (EV) companies include:

1. **Profitability**: The ability of the company to achieve profitability is a key metric.
2. **Cash Flows**: Positive cash flows from operating activities are essential for assessing financial health.
3. **Net Working Capital Surplus**: This indicates the company's ability to meet its short-term liabilities with its short-term assets.
4. **Funding Capability**: The ability to fund capital requirements through additional debt and equity financing is also important, as it reflects the company's financial flexibility and potential for growth.
5. **Non-GAAP Financial Measures**: Companies often use non-GAAP financial measures to evaluate operating performance and make strategic decisions, which can provide additional insights beyond standard accounting principles.

These metrics help investors and stakeholders understand the financial viability and operational efficiency of EV companies, especially in a rapidly evolving industry.",The context does not provide specific metrics used to evaluate EV company financial performance. I don't have enough information.
How does workplace and public charging relate to regional EV adoption?,"EV, EV adoption, t, region, charging",38,"Workplace and public charging infrastructure are critical components that influence regional electric vehicle (EV) adoption. The availability of charging stations can significantly affect consumer confidence and convenience, which in turn impacts the decision to purchase EVs.

1. **Convenience and Accessibility**: The presence of workplace and public charging stations makes it easier for potential EV owners to charge their vehicles, alleviating concerns about range anxiety. This convenience can lead to a higher adoption rate of EVs in regions where such infrastructure is robust.

2. **Government Support and Local Actions**: The promotion of EVs through local actions and government subsidies can enhance the development of charging infrastructure. As EVs are supported by post-coronavirus stimulus plans, regions that invest in charging stations may see a surge in EV adoption, as consumers are more likely to consider EVs when they know charging is readily available.

3. **Market Growth**: The growth in EV sales, as evidenced by the record-breaking sales figures in the US, indicates that as more consumers opt for EVs, the demand for charging infrastructure will also increase. This creates a positive feedback loop where increased EV adoption leads to more charging stations, further encouraging adoption.

4. **Public Health and Environmental Benefits**: The reduction in emissions and pollution from EVs contributes to public health improvements, which can be a motivating factor for regions to invest in both EVs and the necessary charging infrastructure. As public health is supported by the adoption of EVs, regions may prioritize the development of charging networks to facilitate this transition.

In summary, workplace and public charging are integral to enhancing regional EV adoption by providing the necessary infrastructure that supports consumer confidence, aligns with government initiatives, and promotes environmental benefits.","Workplace and public charging are linked to regional EV adoption as greater availability of these charging options correlates with higher electric vehicle uptake. Areas with more public and workplace chargers tend to have a higher percentage of electric vehicles. For instance, the ten metropolitan areas with the highest EV adoption had significantly more public and workplace chargers per million population compared to areas with lower adoption rates. Additionally, public sector support for charging infrastructure is essential for providing mobility choices, especially for those without home charging access."
What risks or negative sentiments are associated with EV stocks?,"EV, t, risks, stocks, sentiment",0,"The supporting text indicates several risks and negative sentiments associated with EV stocks, particularly in the context of Polestar. These include:

1. **Production Delays**: Polestar has experienced and may continue to experience delays in the development, design, manufacture, and commercial release of its vehicles. Such delays can arise from various factors, including increased costs or supply chain issues, which can adversely affect the company's business and financial condition.

2. **Low Profit Margins**: The gross margin for Polestar is projected to be approximately 2% for the full year, indicating that the company may struggle to achieve profitability. Low profit margins can lead to negative investor sentiment and concerns about the sustainability of the business.

3. **Operating Losses**: The text mentions significant operating losses, which can signal financial instability and deter potential investors. For instance, Polestar reported an adjusted operating loss of $261.2 million, which reflects ongoing financial challenges.

These factors contribute to a cautious outlook for EV stocks, particularly for companies like Polestar that are navigating production and financial hurdles.","The risks and negative sentiments associated with EV stocks include a decline in investor confidence due to maturing major EV markets and possible consolidation, leading to significant drops in stock prices for companies like Tesla and BYD. Additionally, many emerging EV players are missing sales targets and trading low, which contributes to a negative outlook. There is also a comparison to the Dot Com bubble, suggesting that while the EV industry might be the future, current stock prices could lead to ""destroyed wealth."" Furthermore, excitement over EVs in the US has weakened due to changes in the Inflation Reduction Act, which limits the number of brands qualifying for tax credits, adding to the uncertainty surrounding the sector."
How are battery technology and EV range connected in the corpus?,"US, EV, t, Technology, range",31,"Battery technology and EV range are connected through the fact that advancements in battery technology directly improve the range of electric vehicles (EVs). The knowledge graph indicates that electric vehicles improve their range, which is a critical factor for consumers when considering the purchase of an EV. Additionally, the New European Driving Cycle (NEDC) is mentioned as a determinant of range, suggesting that the performance of battery technology is essential in defining how far an EV can travel on a single charge. Therefore, better battery technology leads to enhanced range, making EVs more appealing to consumers and contributing to the growth of the electric vehicle market.","Battery technology and EV range are connected through the energy density and capacity of batteries, which directly influence the range that electric vehicles (EVs) can achieve. Higher battery capacity allows for longer ranges, and advancements in battery technology, such as the introduction of new materials, are expected to improve energy density, thereby enabling longer-range EVs. Additionally, the average battery capacity has been increasing significantly, which is crucial for meeting the demand for longer-range vehicles, particularly in markets like the US."
What links state-level policy to national EV sales totals?,"sales, EV, t",36,"State-level policy links to national EV sales totals through several interconnected factors. Firstly, local actions and policies can promote electric vehicle (EV) adoption by providing incentives such as government subsidies, which directly benefit EV sales. These subsidies can lower the effective cost of EVs, making them more attractive to consumers, thereby contributing to the overall surge in EV adoption.

Additionally, state-level policies can influence consumer sentiment and awareness regarding climate change and the benefits of EVs. As seen in the supporting text, rising subsidies and increased media coverage about climate change have positively impacted consumer attitudes towards EVs. This shift in sentiment can lead to higher sales at the national level.

Moreover, the performance improvements and wider model availability of EVs, which are often supported by state policies encouraging innovation and investment in the EV sector, can further drive sales. As automakers invest in research and development to enhance EV technology, state policies that support such initiatives can lead to a more robust market, ultimately reflecting in national sales figures.

In summary, state-level policies that promote subsidies, enhance consumer awareness, and support innovation in the EV sector are crucial links to the national EV sales totals.","State-level policies, such as zero-emission vehicle (ZEV) regulations, link to national EV sales totals by significantly influencing the availability of electric vehicle models and the overall market share of EVs. States with ZEV regulations had a much higher average electric vehicle share and were responsible for a substantial portion of U.S. electric vehicle sales."
